employment_income,current_law_salt_deduction,current_law_amt,current_policy_salt_deduction,current_policy_amt
0,6177.1436,0.0,6177.1436,0.0
500,6177.1436,0.0,6177.1436,0.0
1000,6177.1436,0.0,6177.1436,0.0
1500,6177.1436,0.0,6177.1436,0.0
2000,6177.1436,0.0,6177.1436,0.0
2500,6177.1436,0.0,6177.1436,0.0
3000,6177.1436,0.0,6177.1436,0.0
3500,6177.1436,0.0,6177.1436,0.0
4000,6177.1436,0.0,6177.1436,0.0
4500,6177.1436,0.0,6177.1436,0.0
5000,6177.1436,0.0,6177.1436,0.0
5500,6177.1436,0.0,6177.1436,0.0
6000,6177.1436,0.0,6177.1436,0.0
6500,6337.7236,0.0,6337.7236,0.0
7000,6337.7236,0.0,6337.7236,0.0
7500,6337.7236,0.0,6337.7236,0.0
8000,6337.7236,0.0,6337.7236,0.0
8500,6337.7236,0.0,6337.7236,0.0
9000,6337.7236,0.0,6337.7236,0.0
9500,6337.7236,0.0,6337.7236,0.0
10000,6337.7236,0.0,6337.7236,0.0
10500,6337.7236,0.0,6337.7236,0.0
11000,6337.7236,0.0,6337.7236,0.0
11500,6337.7236,0.0,6337.7236,0.0
12000,6337.7236,0.0,6337.7236,0.0
12500,6337.7236,0.0,6337.7236,0.0
13000,6337.7236,0.0,6337.7236,0.0
13500,6177.1436,0.0,6177.1436,0.0
14000,6177.1436,0.0,6177.1436,0.0
14500,6177.1436,0.0,6177.1436,0.0
15000,6177.1436,0.0,6177.1436,0.0
15500,6177.1436,0.0,6177.1436,0.0
16000,6177.1436,0.0,6177.1436,0.0
16500,6177.1436,0.0,6177.1436,0.0
17000,6177.1436,0.0,6177.1436,0.0
17500,6177.1436,0.0,6177.1436,0.0
18000,6177.1436,0.0,6177.1436,0.0
18500,6337.7236,0.0,6337.7236,0.0
19000,6337.7236,0.0,6337.7236,0.0
19500,6337.7236,0.0,6337.7236,0.0
20000,6337.7236,0.0,6337.7236,0.0
20500,6337.7236,0.0,6337.7236,0.0
21000,6337.7236,0.0,6337.7236,0.0
21500,6337.7236,0.0,6337.7236,0.0
22000,6337.7236,0.0,6337.7236,0.0
22500,6337.7236,0.0,6337.7236,0.0
23000,6337.7236,0.0,6337.7236,0.0
23500,6337.7236,0.0,6337.7236,0.0
24000,6337.7236,0.0,6337.7236,0.0
24500,6337.7236,0.0,6337.7236,0.0
25000,6337.7236,0.0,6337.7236,0.0
25500,6337.7236,0.0,6337.7236,0.0
26000,6337.7236,0.0,6337.7236,0.0
26500,6337.7236,0.0,6337.7236,0.0
27000,6337.7236,0.0,6337.7236,0.0
27500,6337.7236,0.0,6337.7236,0.0
28000,6473.0884,0.0,6473.0884,0.0
28500,6473.0884,0.0,6473.0884,0.0
29000,6473.0884,0.0,6473.0884,0.0
29500,6473.0884,0.0,6473.0884,0.0
30000,6473.0884,0.0,6473.0884,0.0
30500,6473.0884,0.0,6473.0884,0.0
31000,6473.0884,0.0,6473.0884,0.0
31500,6473.0884,0.0,6473.0884,0.0
32000,6473.0884,0.0,6473.0884,0.0
32500,6473.0884,0.0,6473.0884,0.0
33000,6473.0884,0.0,6473.0884,0.0
33500,6473.0884,0.0,6473.0884,0.0
34000,6473.0884,0.0,6473.0884,0.0
34500,6473.0884,0.0,6473.0884,0.0
35000,6473.0884,0.0,6473.0884,0.0
35500,6473.0884,0.0,6473.0884,0.0
36000,6473.0884,0.0,6473.0884,0.0
36500,6473.0884,0.0,6473.0884,0.0
37000,6591.201,0.0,6591.201,0.0
37500,6591.201,0.0,6591.201,0.0
38000,6591.201,0.0,6591.201,0.0
38500,6591.201,0.0,6591.201,0.0
39000,6591.201,0.0,6591.201,0.0
39500,6591.201,0.0,6591.201,0.0
40000,6591.201,0.0,6591.201,0.0
40500,6591.201,0.0,6591.201,0.0
41000,6591.201,0.0,6591.201,0.0
41500,6591.201,0.0,6591.201,0.0
42000,6591.201,0.0,6591.201,0.0
42500,6591.201,0.0,6591.201,0.0
43000,6591.201,0.0,6591.201,0.0
43500,6622.157,0.0,6622.157,0.0
44000,6654.831,0.0,6654.831,0.0
44500,6687.504,0.0,6687.504,0.0
45000,6720.1777,0.0,6720.1777,0.0
45500,6752.851,0.0,6752.851,0.0
46000,6785.5244,0.0,6785.5244,0.0
46500,6818.198,0.0,6818.198,0.0
47000,6850.8716,0.0,6850.8716,0.0
47500,6883.545,0.0,6883.545,0.0
48000,6916.2188,0.0,6916.2188,0.0
48500,6948.892,0.0,6948.892,0.0
49000,6981.566,0.0,6981.566,0.0
49500,7014.2393,0.0,7014.2393,0.0
50000,7056.383,0.0,7056.383,0.0
50500,7099.948,0.0,7099.948,0.0
51000,7143.5127,0.0,7143.5127,0.0
51500,7187.077,0.0,7187.077,0.0
52000,7230.6416,0.0,7230.6416,0.0
52500,7274.206,0.0,7274.206,0.0
53000,7317.7715,0.0,7317.7715,0.0
53500,7361.336,0.0,7361.336,0.0
54000,7404.9004,0.0,7404.9004,0.0
54500,7448.465,0.0,7448.465,0.0
55000,7492.0303,0.0,7492.0303,0.0
55500,7535.5947,0.0,7535.5947,0.0
56000,7579.1587,0.0,7579.1587,0.0
56500,7622.7236,0.0,7622.7236,0.0
57000,7666.289,0.0,7666.289,0.0
57500,7709.8525,0.0,7709.8525,0.0
58000,7753.4175,0.0,7753.4175,0.0
58500,7796.9824,0.0,7796.9824,0.0
59000,7840.5474,0.0,7840.5474,0.0
59500,7884.1113,0.0,7884.1113,0.0
60000,7927.6763,0.0,7927.6763,0.0
60500,7971.241,0.0,7971.241,0.0
61000,8014.8057,0.0,8014.8057,0.0
61500,8058.3706,0.0,8058.3706,0.0
62000,8101.935,0.0,8101.935,0.0
62500,8145.499,0.0,8145.499,0.0
63000,8189.0645,0.0,8189.0645,0.0
63500,8232.629,0.0,8232.629,0.0
64000,8280.112,0.0,8280.112,0.0
64500,8330.756,0.0,8330.756,0.0
65000,8381.4,0.0,8381.4,0.0
65500,8432.044,0.0,8432.044,0.0
66000,8482.688,0.0,8482.688,0.0
66500,8533.331,0.0,8533.331,0.0
67000,8583.976,0.0,8583.976,0.0
67500,8634.619,0.0,8634.619,0.0
68000,8685.264,0.0,8685.264,0.0
68500,8735.906,0.0,8735.906,0.0
69000,8786.551,0.0,8786.551,0.0
69500,8837.195,0.0,8837.195,0.0
70000,8887.838,0.0,8887.838,0.0
70500,8938.482,0.0,8938.482,0.0
71000,8989.127,0.0,8989.127,0.0
71500,9039.7705,0.0,9039.7705,0.0
72000,9090.414,0.0,9090.414,0.0
72500,9141.059,0.0,9141.059,0.0
73000,9191.702,0.0,9191.702,0.0
73500,9242.346,0.0,9242.346,0.0
74000,9292.99,0.0,9292.99,0.0
74500,9343.635,0.0,9343.635,0.0
75000,9394.277,0.0,9394.277,0.0
75500,9444.922,0.0,9444.922,0.0
76000,9495.566,0.0,9495.566,0.0
76500,9546.209,0.0,9546.209,0.0
77000,9596.854,0.0,9596.854,0.0
77500,9647.497,0.0,9647.497,0.0
78000,9698.142,0.0,9698.142,0.0
78500,9748.785,0.0,9748.785,0.0
79000,9799.43,0.0,9799.43,0.0
79500,9850.072,0.0,9850.072,0.0
80000,9900.717,0.0,9900.717,0.0
80500,9951.361,0.0,9951.361,0.0
81000,10002.006,0.0,10000.0,0.0
81500,10052.648,0.0,10000.0,0.0
82000,10103.293,0.0,10000.0,0.0
82500,10153.937,0.0,10000.0,0.0
83000,10204.581,0.0,10000.0,0.0
83500,10255.224,0.0,10000.0,0.0
84000,10305.868,0.0,10000.0,0.0
84500,10356.513,0.0,10000.0,0.0
85000,10407.155,0.0,10000.0,0.0
85500,10457.8,0.0,10000.0,0.0
86000,10508.443,0.0,10000.0,0.0
86500,10559.088,0.0,10000.0,0.0
87000,10609.73,0.0,10000.0,0.0
87500,10660.375,0.0,10000.0,0.0
88000,10711.02,0.0,10000.0,0.0
88500,10761.664,0.0,10000.0,0.0
89000,10812.307,0.0,10000.0,0.0
89500,10862.951,0.0,10000.0,0.0
90000,10913.595,0.0,10000.0,0.0
90500,10964.239,0.0,10000.0,0.0
91000,11014.883,0.0,10000.0,0.0
91500,11065.526,0.0,10000.0,0.0
92000,11116.17,0.0,10000.0,0.0
92500,11166.814,0.0,10000.0,0.0
93000,11217.459,0.0,10000.0,0.0
93500,11268.102,0.0,10000.0,0.0
94000,11318.746,0.0,10000.0,0.0
94500,11369.391,0.0,10000.0,0.0
95000,11420.033,0.0,10000.0,0.0
95500,11470.678,0.0,10000.0,0.0
96000,11521.322,0.0,10000.0,0.0
96500,11571.965,0.0,10000.0,0.0
97000,11622.609,0.0,10000.0,0.0
97500,11673.254,0.0,10000.0,0.0
98000,11723.898,0.0,10000.0,0.0
98500,11774.541,0.0,10000.0,0.0
99000,11825.186,0.0,10000.0,0.0
99500,11875.83,0.0,10000.0,0.0
100000,11926.473,0.0,10000.0,0.0
100500,11977.117,0.0,10000.0,0.0
101000,12027.761,0.0,10000.0,0.0
101500,12078.404,0.0,10000.0,0.0
102000,12129.049,0.0,10000.0,0.0
102500,12179.692,0.0,10000.0,0.0
103000,12230.337,0.0,10000.0,0.0
103500,12280.98,0.0,10000.0,0.0
104000,12331.624,0.0,10000.0,0.0
104500,12382.268,0.0,10000.0,0.0
105000,12432.912,0.0,10000.0,0.0
105500,12483.556,0.0,10000.0,0.0
106000,12534.199,0.0,10000.0,0.0
106500,12584.844,0.0,10000.0,0.0
107000,12635.488,0.0,10000.0,0.0
107500,12686.131,0.0,10000.0,0.0
108000,12736.775,0.0,10000.0,0.0
108500,12787.419,0.0,10000.0,0.0
109000,12838.063,0.0,10000.0,0.0
109500,12888.707,0.0,10000.0,0.0
110000,12939.351,0.0,10000.0,0.0
110500,12989.995,0.0,10000.0,0.0
111000,13040.639,0.0,10000.0,0.0
111500,13091.283,0.0,10000.0,0.0
112000,13141.926,0.0,10000.0,0.0
112500,13192.57,0.0,10000.0,0.0
113000,13243.214,0.0,10000.0,0.0
113500,13293.858,0.0,10000.0,0.0
114000,13344.503,0.0,10000.0,0.0
114500,13395.147,0.0,10000.0,0.0
115000,13445.789,0.0,10000.0,0.0
115500,13496.433,0.0,10000.0,0.0
116000,13547.077,0.0,10000.0,0.0
116500,13597.722,0.0,10000.0,0.0
117000,13648.366,0.0,10000.0,0.0
117500,13699.01,0.0,10000.0,0.0
118000,13749.654,0.0,10000.0,0.0
118500,13800.296,0.0,10000.0,0.0
119000,13850.94,0.0,10000.0,0.0
119500,13901.585,0.0,10000.0,0.0
120000,13952.229,0.0,10000.0,0.0
120500,14002.873,0.0,10000.0,0.0
121000,14053.518,0.0,10000.0,0.0
121500,14104.16,0.0,10000.0,0.0
122000,14154.805,0.0,10000.0,0.0
122500,14205.449,0.0,10000.0,0.0
123000,14256.094,0.0,10000.0,0.0
123500,14306.736,0.0,10000.0,0.0
124000,14357.381,0.0,10000.0,0.0
124500,14408.024,0.0,10000.0,0.0
125000,14458.668,0.0,10000.0,0.0
125500,14509.312,0.0,10000.0,0.0
126000,14559.956,0.0,10000.0,0.0
126500,14610.601,0.0,10000.0,0.0
127000,14661.243,0.0,10000.0,0.0
127500,14711.888,0.0,10000.0,0.0
128000,14762.532,0.0,10000.0,0.0
128500,14813.175,0.0,10000.0,0.0
129000,14863.819,0.0,10000.0,0.0
129500,14914.464,0.0,10000.0,0.0
130000,14965.107,0.0,10000.0,0.0
130500,15015.751,0.0,10000.0,0.0
131000,15066.3955,0.0,10000.0,0.0
131500,15117.039,0.0,10000.0,0.0
132000,15167.684,0.0,10000.0,0.0
132500,15218.328,0.0,10000.0,0.0
133000,15268.97,0.0,10000.0,0.0
133500,15319.613,0.0,10000.0,0.0
134000,15370.258,0.0,10000.0,0.0
134500,15420.902,0.0,10000.0,0.0
135000,15471.547,0.0,10000.0,0.0
135500,15522.191,0.0,10000.0,0.0
136000,15572.834,0.0,10000.0,0.0
136500,15623.477,0.0,10000.0,0.0
137000,15674.121,0.0,10000.0,0.0
137500,15724.766,0.0,10000.0,0.0
138000,15775.409,0.0,10000.0,0.0
138500,15826.054,0.0,10000.0,0.0
139000,15876.698,0.0,10000.0,0.0
139500,15927.341,0.0,10000.0,0.0
140000,15977.984,0.0,10000.0,0.0
140500,16028.628,0.0,10000.0,0.0
141000,16079.272,0.0,10000.0,0.0
141500,16129.917,0.0,10000.0,0.0
142000,16180.562,0.0,10000.0,0.0
142500,16231.205,0.0,10000.0,0.0
143000,16281.849,0.0,10000.0,0.0
143500,16332.492,0.0,10000.0,0.0
144000,16383.136,0.0,10000.0,0.0
144500,16433.781,0.0,10000.0,0.0
145000,16484.424,0.0,10000.0,0.0
145500,16535.068,0.0,10000.0,0.0
146000,16585.71,0.0,10000.0,0.0
146500,16636.355,0.0,10000.0,0.0
147000,16687.0,0.0,10000.0,0.0
147500,16737.643,0.0,10000.0,0.0
148000,16788.287,0.0,10000.0,0.0
148500,16838.932,0.0,10000.0,0.0
149000,16889.576,0.0,10000.0,0.0
149500,16940.219,0.0,10000.0,0.0
150000,16990.863,0.0,10000.0,0.0
150500,17041.508,0.0,10000.0,0.0
151000,17092.152,0.0,10000.0,0.0
151500,17142.793,0.0,10000.0,0.0
152000,17193.438,0.0,10000.0,0.0
152500,17244.082,0.0,10000.0,0.0
153000,17294.727,0.0,10000.0,0.0
153500,17345.371,0.0,10000.0,0.0
154000,17396.016,0.0,10000.0,0.0
154500,17446.66,0.0,10000.0,0.0
155000,17497.3,0.0,10000.0,0.0
155500,17547.945,0.0,10000.0,0.0
156000,17598.59,0.0,10000.0,0.0
156500,17649.234,0.0,10000.0,0.0
157000,17699.879,0.0,10000.0,0.0
157500,17750.521,0.0,10000.0,0.0
158000,17801.166,0.0,10000.0,0.0
158500,17851.81,0.0,10000.0,0.0
159000,17902.453,0.0,10000.0,0.0
159500,17953.096,0.0,10000.0,0.0
160000,18003.74,0.0,10000.0,0.0
160500,18054.385,0.0,10000.0,0.0
161000,18105.03,0.0,10000.0,0.0
161500,18155.674,0.0,10000.0,0.0
162000,18206.316,0.0,10000.0,0.0
162500,18256.96,0.0,10000.0,0.0
163000,18307.604,0.0,10000.0,0.0
163500,18358.248,0.0,10000.0,0.0
164000,18408.89,0.0,10000.0,0.0
164500,18459.535,0.0,10000.0,0.0
165000,18510.18,0.0,10000.0,0.0
165500,18560.824,0.0,10000.0,0.0
166000,18611.469,0.0,10000.0,0.0
166500,18662.11,0.0,10000.0,0.0
167000,18712.754,0.0,10000.0,0.0
167500,18763.398,0.0,10000.0,0.0
168000,18814.043,0.0,10000.0,0.0
168500,18864.688,0.0,10000.0,0.0
169000,18915.332,0.0,10000.0,0.0
169500,18965.977,0.0,10000.0,0.0
170000,19016.617,0.0,10000.0,0.0
170500,19067.262,0.0,10000.0,0.0
171000,19117.906,0.0,10000.0,0.0
171500,19168.55,0.0,10000.0,0.0
172000,19219.195,0.0,10000.0,0.0
172500,19269.84,0.0,10000.0,0.0
173000,19320.482,0.0,10000.0,0.0
173500,19371.125,0.0,10000.0,0.0
174000,19421.77,0.0,10000.0,0.0
174500,19472.414,0.0,10000.0,0.0
175000,19523.059,0.0,10000.0,0.0
175500,19573.703,0.0,10000.0,0.0
176000,19624.348,0.0,10000.0,0.0
176500,19674.988,0.0,10000.0,0.0
177000,19725.633,0.0,10000.0,0.0
177500,19776.277,0.0,10000.0,0.0
178000,19826.922,0.0,10000.0,0.0
178500,19877.566,0.0,10000.0,0.0
179000,19928.21,0.0,10000.0,0.0
179500,19978.852,0.0,10000.0,0.0
180000,20029.496,0.0,10000.0,0.0
180500,20080.14,0.0,10000.0,0.0
181000,20130.785,0.0,10000.0,0.0
181500,20181.43,0.0,10000.0,0.0
182000,20232.074,0.0,10000.0,0.0
182500,20282.717,0.0,10000.0,0.0
183000,20333.36,0.0,10000.0,0.0
183500,20384.004,0.0,10000.0,0.0
184000,20434.648,0.0,10000.0,0.0
184500,20485.293,0.0,10000.0,0.0
185000,20535.936,0.0,10000.0,0.0
185500,20586.58,0.0,10000.0,0.0
186000,20637.225,0.0,10000.0,0.0
186500,20687.867,0.0,10000.0,0.0
187000,20738.512,0.0,10000.0,0.0
187500,20789.156,0.0,10000.0,0.0
188000,20839.8,0.0,10000.0,0.0
188500,20890.445,0.0,10000.0,0.0
189000,20941.086,0.0,10000.0,0.0
189500,20991.73,0.0,10000.0,0.0
190000,21042.375,0.0,10000.0,0.0
190500,21093.02,0.0,10000.0,0.0
191000,21143.664,0.0,10000.0,0.0
191500,21194.309,0.0,10000.0,0.0
192000,21244.953,0.0,10000.0,0.0
192500,21295.594,0.0,10000.0,0.0
193000,21346.238,0.0,10000.0,0.0
193500,21396.88,0.0,10000.0,0.0
194000,21447.525,0.0,10000.0,0.0
194500,21498.17,0.0,10000.0,0.0
195000,21548.814,0.0,10000.0,0.0
195500,21599.459,0.0,10000.0,0.0
196000,21650.104,0.0,10000.0,0.0
196500,21700.744,0.0,10000.0,0.0
197000,21751.389,0.0,10000.0,0.0
197500,21802.033,0.0,10000.0,0.0
198000,21852.678,0.0,10000.0,0.0
198500,21903.322,0.0,10000.0,0.0
199000,21953.967,0.0,10000.0,0.0
199500,22004.611,0.0,10000.0,0.0
200000,22055.252,0.0,10000.0,0.0
200500,22105.896,0.0,10000.0,0.0
201000,22156.541,0.0,10000.0,0.0
201500,22207.186,0.0,10000.0,0.0
202000,22257.83,0.0,10000.0,0.0
202500,22308.473,0.0,10000.0,0.0
203000,22359.117,0.0,10000.0,0.0
203500,22409.76,0.0,10000.0,0.0
204000,22460.404,0.0,10000.0,0.0
204500,22511.049,0.0,10000.0,0.0
205000,22561.691,0.0,10000.0,0.0
205500,22612.336,0.0,10000.0,0.0
206000,22662.98,0.0,10000.0,0.0
206500,22713.623,0.0,10000.0,0.0
207000,22764.268,0.0,10000.0,0.0
207500,22814.91,0.0,10000.0,0.0
208000,22865.555,0.0,10000.0,0.0
208500,22916.2,0.0,10000.0,0.0
209000,22966.844,0.0,10000.0,0.0
209500,23017.488,0.0,10000.0,0.0
210000,23068.13,0.0,10000.0,0.0
210500,23118.775,0.0,10000.0,0.0
211000,23169.418,0.0,10000.0,0.0
211500,23220.062,0.0,10000.0,0.0
212000,23270.707,0.0,10000.0,0.0
212500,23321.352,0.0,10000.0,0.0
213000,23371.996,0.0,10000.0,0.0
213500,23422.639,0.0,10000.0,0.0
214000,23473.283,0.0,10000.0,0.0
214500,23523.928,0.0,10000.0,0.0
215000,23574.57,0.0,10000.0,0.0
215500,23625.215,0.0,10000.0,0.0
216000,23675.86,0.0,10000.0,0.0
216500,23726.502,0.0,10000.0,0.0
217000,23777.146,0.0,10000.0,0.0
217500,23827.79,0.0,10000.0,0.0
218000,23878.434,0.0,10000.0,0.0
218500,23929.076,0.0,10000.0,0.0
219000,23979.72,0.0,10000.0,0.0
219500,24030.365,0.0,10000.0,0.0
220000,24081.008,0.0,10000.0,0.0
220500,24131.652,0.0,10000.0,0.0
221000,24182.297,0.0,10000.0,0.0
221500,24232.941,0.0,10000.0,0.0
222000,24283.586,0.0,10000.0,0.0
222500,24334.229,0.0,10000.0,0.0
223000,24384.873,0.0,10000.0,0.0
223500,24435.516,0.0,10000.0,0.0
224000,24486.16,0.0,10000.0,0.0
224500,24536.805,0.0,10000.0,0.0
225000,24587.45,0.0,10000.0,0.0
225500,24638.094,0.0,10000.0,0.0
226000,24688.736,0.0,10000.0,0.0
226500,24739.379,0.0,10000.0,0.0
227000,24790.023,0.0,10000.0,0.0
227500,24840.668,0.0,10000.0,0.0
228000,24891.312,0.0,10000.0,0.0
228500,24941.955,0.0,10000.0,0.0
229000,24992.6,0.0,10000.0,0.0
229500,25043.244,0.0,10000.0,0.0
230000,25093.887,0.0,10000.0,0.0
230500,25144.531,0.0,10000.0,0.0
231000,25195.174,0.0,10000.0,0.0
231500,25245.818,0.0,10000.0,0.0
232000,25296.46,0.0,10000.0,0.0
232500,25347.105,0.0,10000.0,0.0
233000,25397.75,0.0,10000.0,0.0
233500,25448.395,0.0,10000.0,0.0
234000,25499.04,0.0,10000.0,0.0
234500,25549.684,0.0,10000.0,0.0
235000,25600.328,0.0,10000.0,0.0
235500,25650.973,0.0,10000.0,0.0
236000,25701.617,0.0,10000.0,0.0
236500,25752.26,0.0,10000.0,0.0
237000,25802.898,0.0,10000.0,0.0
237500,25853.543,0.0,10000.0,0.0
238000,25904.188,0.0,10000.0,0.0
238500,25954.832,0.0,10000.0,0.0
239000,26005.477,0.0,10000.0,0.0
239500,26056.121,0.0,10000.0,0.0
240000,26106.766,0.0,10000.0,0.0
240500,26157.41,0.0,10000.0,0.0
241000,26208.053,0.0,10000.0,0.0
241500,26258.697,0.0,10000.0,0.0
242000,26309.342,0.0,10000.0,0.0
242500,26359.986,0.0,10000.0,0.0
243000,26410.629,0.0,10000.0,0.0
243500,26461.271,0.0,10000.0,0.0
244000,26511.916,0.0,10000.0,0.0
244500,26562.56,0.0,10000.0,0.0
245000,26613.205,0.0,10000.0,0.0
245500,26663.85,0.0,10000.0,0.0
246000,26714.494,0.0,10000.0,0.0
246500,26765.139,0.0,10000.0,0.0
247000,26815.78,0.0,10000.0,0.0
247500,26866.424,0.0,10000.0,0.0
248000,26917.068,0.0,10000.0,0.0
248500,26967.713,0.0,10000.0,0.0
249000,27018.357,0.0,10000.0,0.0
249500,27069.002,0.0,10000.0,0.0
250000,27119.643,0.0,10000.0,0.0
250500,27170.287,0.0,10000.0,0.0
251000,27220.932,0.0,10000.0,0.0
251500,27271.576,0.0,10000.0,0.0
252000,27322.22,0.0,10000.0,0.0
252500,27372.863,0.0,10000.0,0.0
253000,27423.508,0.0,10000.0,0.0
253500,27474.15,0.0,10000.0,0.0
254000,27524.795,0.0,10000.0,0.0
254500,27575.44,0.0,10000.0,0.0
255000,27626.082,0.0,10000.0,0.0
255500,27676.727,0.0,10000.0,0.0
256000,27727.371,0.0,10000.0,0.0
256500,27778.016,0.0,10000.0,0.0
257000,27828.656,0.0,10000.0,0.0
257500,27879.3,0.0,10000.0,0.0
258000,27929.945,0.0,10000.0,0.0
258500,27980.59,0.0,10000.0,0.0
259000,28031.234,0.0,10000.0,0.0
259500,28081.879,0.0,10000.0,0.0
260000,28132.523,0.0,10000.0,0.0
260500,28183.164,0.0,10000.0,0.0
261000,28233.809,0.0,10000.0,0.0
261500,28284.453,0.0,10000.0,0.0
262000,28335.098,0.0,10000.0,0.0
262500,28385.738,0.0,10000.0,0.0
263000,28436.387,0.0,10000.0,0.0
263500,28487.027,0.0,10000.0,0.0
264000,28537.674,0.0,10000.0,0.0
264500,28588.316,0.0,10000.0,0.0
265000,28638.963,0.0,10000.0,0.0
265500,28689.605,0.0,10000.0,0.0
266000,28740.246,0.0,10000.0,0.0
266500,28790.893,0.0,10000.0,0.0
267000,28841.535,0.0,10000.0,0.0
267500,28892.182,0.0,10000.0,0.0
268000,28942.824,0.0,10000.0,0.0
268500,28993.465,0.0,10000.0,0.0
269000,29044.111,0.0,10000.0,0.0
269500,29094.754,0.0,10000.0,0.0
270000,29145.4,0.0,10000.0,0.0
270500,29196.041,0.0,10000.0,0.0
271000,29246.69,0.0,10000.0,0.0
271500,29297.33,0.0,10000.0,0.0
272000,29347.975,0.0,10000.0,0.0
272500,29398.62,0.0,10000.0,0.0
273000,29449.26,0.0,10000.0,0.0
273500,29499.908,0.0,10000.0,0.0
274000,29550.549,0.0,10000.0,0.0
274500,29601.197,0.0,10000.0,0.0
275000,29651.838,0.0,10000.0,0.0
275500,29702.482,0.0,10000.0,0.0
276000,29753.127,0.0,10000.0,0.0
276500,29803.768,0.0,10000.0,0.0
277000,29854.416,0.0,10000.0,0.0
277500,29905.057,0.0,10000.0,0.0
278000,29955.703,0.0,10000.0,0.0
278500,30006.346,0.0,10000.0,0.0
279000,30056.99,0.0,10000.0,0.0
279500,30107.633,0.0,10000.0,0.0
280000,30158.275,0.0,10000.0,0.0
280500,30208.922,0.0,10000.0,0.0
281000,30259.564,0.0,10000.0,0.0
281500,30310.21,0.0,10000.0,0.0
282000,30360.852,0.0,10000.0,0.0
282500,30411.496,0.0,10000.0,0.0
283000,30462.14,0.0,10000.0,0.0
283500,30512.785,0.0,10000.0,0.0
284000,30563.43,0.0,10000.0,0.0
284500,30614.07,0.0,10000.0,0.0
285000,30664.719,0.0,10000.0,0.0
285500,30715.36,0.0,10000.0,0.0
286000,30766.004,0.0,10000.0,0.0
286500,30816.648,0.0,10000.0,0.0
287000,30867.293,0.0,10000.0,0.0
287500,30917.938,0.0,10000.0,0.0
288000,30968.578,0.0,10000.0,0.0
288500,31019.227,0.0,10000.0,0.0
289000,31069.867,0.0,10000.0,0.0
289500,31120.512,0.0,10000.0,0.0
290000,31171.156,0.0,10000.0,0.0
290500,31221.8,0.0,10000.0,0.0
291000,31272.443,0.0,10000.0,0.0
291500,31323.086,0.0,10000.0,0.0
292000,31373.73,0.0,10000.0,0.0
292500,31424.375,0.0,10000.0,0.0
293000,31475.02,0.0,10000.0,0.0
293500,31525.662,0.0,10000.0,0.0
294000,31576.307,0.0,10000.0,0.0
294500,31626.951,0.0,10000.0,0.0
295000,31677.594,0.0,10000.0,0.0
295500,31728.236,0.0,10000.0,0.0
296000,31778.88,0.0,10000.0,0.0
296500,31829.525,0.0,10000.0,0.0
297000,31880.17,0.0,10000.0,0.0
297500,31930.814,0.0,10000.0,0.0
298000,31981.459,0.0,10000.0,0.0
298500,32032.104,0.0,10000.0,0.0
299000,32082.744,0.0,10000.0,0.0
299500,32133.389,0.0,10000.0,0.0
300000,32184.033,0.0,10000.0,0.0
300500,32234.678,0.0,10000.0,0.0
301000,32285.322,0.0,10000.0,0.0
301500,32335.967,0.0,10000.0,0.0
302000,32386.611,0.0,10000.0,0.0
302500,32437.252,0.0,10000.0,0.0
303000,32487.896,0.0,10000.0,0.0
303500,32538.541,0.0,10000.0,0.0
304000,32589.186,0.0,10000.0,0.0
304500,32639.828,0.0,10000.0,0.0
305000,32690.473,0.0,10000.0,0.0
305500,32741.117,0.0,10000.0,0.0
306000,32791.758,0.0,10000.0,0.0
306500,32842.406,0.0,10000.0,0.0
307000,32893.047,0.0,10000.0,0.0
307500,32943.69,0.0,10000.0,0.0
308000,32994.336,0.0,10000.0,0.0
308500,33044.98,0.0,10000.0,0.0
309000,33095.625,0.0,10000.0,0.0
309500,33146.266,0.0,10000.0,0.0
310000,33196.91,0.0,10000.0,0.0
310500,33247.555,0.0,10000.0,0.0
311000,33298.2,0.0,10000.0,0.0
311500,33348.844,0.0,10000.0,0.0
312000,33399.49,0.0,10000.0,0.0
312500,33450.133,0.0,10000.0,0.0
313000,33500.773,0.0,10000.0,0.0
313500,33551.42,0.0,10000.0,0.0
314000,33602.062,0.0,10000.0,0.0
314500,33652.707,0.0,10000.0,0.0
315000,33703.35,0.0,10000.0,0.0
315500,33753.992,0.0,10000.0,0.0
316000,33804.64,0.0,10000.0,0.0
316500,33855.28,0.0,10000.0,0.0
317000,33905.93,0.0,10000.0,0.0
317500,33956.57,0.0,10000.0,0.0
318000,34007.215,0.0,10000.0,0.0
318500,34057.86,0.0,10000.0,0.0
319000,34108.5,0.0,10000.0,0.0
319500,34159.15,0.0,10000.0,0.0
320000,34209.79,0.0,10000.0,0.0
320500,34260.438,47.74531,10000.0,0.0
321000,34311.08,100.03125,10000.0,0.0
321500,34361.72,152.3422,10000.0,0.0
322000,34412.367,204.64218,10000.0,0.0
322500,34463.008,256.93906,10000.0,0.0
323000,34513.656,309.2422,10000.0,0.0
323500,34564.297,361.53906,10000.0,0.0
324000,34614.945,413.8422,10000.0,0.0
324500,34665.586,466.13907,10000.0,0.0
325000,34716.23,518.4344,10000.0,0.0
325500,34766.875,570.7391,10000.0,0.0
326000,34817.516,623.025,10000.0,0.0
326500,34868.164,675.33124,10000.0,0.0
327000,34918.805,727.6359,10000.0,0.0
327500,34969.45,779.9313,10000.0,0.0
328000,35020.094,832.23596,10000.0,0.0
328500,35070.74,884.53906,10000.0,0.0
329000,35121.383,936.8281,10000.0,0.0
329500,35172.023,989.1328,10000.0,0.0
330000,35222.668,1041.4281,10000.0,0.0
330500,35273.312,1093.725,10000.0,0.0
331000,35323.957,1146.0359,10000.0,0.0
331500,35374.6,1198.325,10000.0,0.0
332000,35425.246,1250.6282,10000.0,0.0
332500,35475.887,1302.925,10000.0,0.0
333000,35526.53,1355.2219,10000.0,0.0
333500,35577.176,1407.5328,10000.0,0.0
334000,35627.816,1459.8219,10000.0,0.0
334500,35678.465,1512.125,10000.0,0.0
335000,35729.105,1564.4219,10000.0,0.0
335500,35779.754,1616.725,10000.0,0.0
336000,35830.395,1669.0297,10000.0,0.0
336500,35881.035,1721.3187,10000.0,0.0
337000,35931.684,1773.6218,10000.0,0.0
337500,35982.324,1825.9187,10000.0,0.0
338000,36032.973,1878.2219,10000.0,0.0
338500,36083.613,1930.5188,10000.0,0.0
339000,36134.258,1982.8187,10000.0,0.0
339500,36184.902,2035.1188,10000.0,0.0
340000,36235.543,2087.4077,10000.0,0.0
340500,36286.19,2139.7188,10000.0,0.0
341000,36336.832,2192.0156,10000.0,0.0
341500,36387.477,2244.311,10000.0,0.0
342000,36438.12,2296.6157,10000.0,0.0
342500,36490.68,2349.4546,10000.0,0.0
343000,36546.77,2403.278,10000.0,0.0
343500,36602.855,2457.0906,10000.0,0.0
344000,36658.95,2510.9172,10000.0,0.0
344500,36715.035,2564.7454,10000.0,0.0
345000,36771.13,2618.5718,10000.0,0.0
345500,36827.215,2672.392,10000.0,0.0
346000,36883.305,2726.2234,10000.0,0.0
346500,36939.4,2780.0469,10000.0,0.0
347000,36995.484,2833.8704,10000.0,0.0
347500,37051.58,2887.686,10000.0,0.0
348000,37107.664,2941.5142,10000.0,0.0
348500,37163.758,2995.3406,10000.0,0.0
349000,37219.844,3049.161,10000.0,0.0
349500,37275.93,3102.9922,10000.0,0.0
350000,37332.023,3156.8157,10000.0,0.0
350500,37388.11,3210.642,10000.0,0.0
351000,37444.203,3264.4517,10000.0,0.0
351500,37500.29,3318.2827,10000.0,0.0
352000,37556.383,3372.1094,10000.0,0.0
352500,37612.47,3425.9297,10000.0,0.0
353000,37668.56,3479.761,10000.0,0.0
353500,37724.65,3533.5845,10000.0,0.0
354000,37780.74,3587.4077,10000.0,0.0
354500,37836.83,3641.2234,10000.0,0.0
355000,37892.914,3695.0515,10000.0,0.0
355500,37949.008,3748.8782,10000.0,0.0
356000,38005.094,3802.6985,10000.0,0.0
356500,38061.184,3856.5298,10000.0,0.0
357000,38117.273,3910.353,10000.0,0.0
357500,38173.363,3964.1765,10000.0,0.0
358000,38229.453,4017.989,10000.0,0.0
358500,38285.543,4071.8203,10000.0,0.0
359000,38341.633,4125.6436,10000.0,0.0
359500,38397.723,4179.4673,10000.0,0.0
360000,38453.812,4233.2905,10000.0,0.0
360500,38509.902,4287.122,10000.0,0.0
361000,38565.992,4340.9453,10000.0,0.0
361500,38622.082,4394.7686,10000.0,0.0
362000,38678.17,4448.6,10000.0,0.0
362500,38734.258,4502.4126,10000.0,0.0
363000,38790.348,4556.236,10000.0,0.0
363500,38846.438,4610.0596,10000.0,0.0
364000,38902.527,4663.8906,10000.0,0.0
364500,38958.617,4717.714,10000.0,0.0
365000,39014.707,4773.0483,10000.0,0.0
365500,39070.797,4833.3438,10000.0,0.0
366000,39126.883,4893.625,10000.0,0.0
366500,39182.973,4953.9126,10000.0,0.0
367000,39239.062,5014.2046,10000.0,0.0
367500,39295.152,5074.492,10000.0,0.0
368000,39351.242,5134.784,10000.0,0.0
368500,39407.332,5195.0767,10000.0,0.0
369000,39463.42,5255.367,10000.0,0.0
369500,39519.51,5315.6455,10000.0,0.0
370000,39575.6,5375.9404,10000.0,0.0
370500,39631.69,5436.225,10000.0,0.0
371000,39687.78,5496.5205,10000.0,0.0
371500,39743.87,5556.8047,10000.0,0.0
372000,39799.96,5617.0967,10000.0,0.0
372500,39856.05,5677.392,10000.0,0.0
373000,39912.137,5737.6655,10000.0,0.0
373500,39968.227,5797.961,10000.0,0.0
374000,40024.316,5858.253,10000.0,0.0
374500,40080.406,5918.5376,10000.0,0.0
375000,40136.496,5978.833,10000.0,0.0
375500,40192.586,6039.125,10000.0,0.0
376000,40248.676,6099.4126,10000.0,0.0
376500,40304.76,6159.694,10000.0,0.0
377000,40360.855,6219.9844,10000.0,0.0
377500,40416.94,6280.2734,10000.0,0.0
378000,40473.03,6340.569,10000.0,0.0
378500,40529.12,6400.853,10000.0,0.0
379000,40585.21,6461.1455,10000.0,0.0
379500,40641.3,6521.4404,10000.0,0.0
380000,40697.39,6581.714,10000.0,0.0
380500,40753.484,6642.0234,10000.0,0.0
381000,40809.57,6702.294,10000.0,0.0
381500,40865.66,6762.586,10000.0,0.0
382000,40921.75,6822.8813,10000.0,0.0
382500,40977.836,6883.1626,10000.0,0.0
383000,41033.93,6943.461,10000.0,0.0
383500,41090.016,7003.7393,10000.0,0.0
384000,41146.11,7064.0405,10000.0,0.0
384500,41202.195,7124.322,10000.0,0.0
385000,41258.285,7184.6143,10000.0,0.0
385500,41314.375,7244.9014,10000.0,0.0
386000,41370.46,7305.1904,10000.0,0.0
386500,41426.555,7365.4814,10000.0,0.0
387000,41482.64,7425.7627,10000.0,0.0
387500,41538.734,7486.064,10000.0,0.0
388000,41594.82,7546.3423,10000.0,0.0
388500,41650.91,7606.6343,10000.0,0.0
389000,41707.0,7666.922,10000.0,0.0
389500,41763.09,7727.211,10000.0,0.0
390000,41819.18,7787.5093,10000.0,0.0
390500,41875.27,7847.7983,10000.0,0.0
391000,41931.363,7908.089,10000.0,0.0
391500,41987.45,7968.37,10000.0,0.0
392000,42043.543,8028.661,10000.0,0.0
392500,42099.63,8088.95,10000.0,0.0
393000,42155.715,8149.2393,10000.0,0.0
393500,42211.81,8209.529,10000.0,0.0
394000,42267.895,8269.818,10000.0,0.0
394500,42323.99,8330.109,10000.0,0.0
395000,42380.074,8390.391,10000.0,0.0
395500,42436.168,8450.682,10000.0,0.0
396000,42492.254,8510.971,10000.0,0.0
396500,42548.34,8571.26,10000.0,0.0
397000,42604.434,8631.558,10000.0,0.0
397500,42660.52,8691.839,10000.0,0.0
398000,42716.613,8752.138,10000.0,0.0
398500,42772.7,8812.411,10000.0,0.0
399000,42828.793,8872.706,10000.0,0.0
399500,42884.88,8932.998,10000.0,0.0
400000,42940.97,8993.279,10000.0,0.0
400500,42997.062,9053.578,10000.0,0.0
401000,43053.15,9113.867,10000.0,0.0
401500,43109.242,9174.158,10000.0,0.0
402000,43165.33,9234.436,10000.0,0.0
402500,43221.42,9294.737,10000.0,0.0
403000,43277.508,9355.019,10000.0,0.0
403500,43333.594,9415.308,10000.0,0.0
404000,43389.688,9475.599,10000.0,0.0
404500,43445.773,9535.888,10000.0,0.0
405000,43501.867,9596.186,10000.0,0.0
405500,43557.953,9656.459,10000.0,0.0
406000,43614.043,9716.752,10000.0,0.0
406500,43670.133,9777.039,10000.0,0.0
407000,43726.22,9837.328,10000.0,0.0
407500,43782.312,9897.627,10000.0,0.0
408000,43838.4,9957.916,10000.0,0.0
408500,43894.492,10018.206,10000.0,0.0
409000,43950.58,10078.484,10000.0,0.0
409500,44006.668,10138.771,10000.0,0.0
410000,44062.76,10199.067,10000.0,0.0
410500,44118.848,10259.356,10000.0,0.0
411000,44174.94,10319.646,10000.0,0.0
411500,44231.027,10379.936,10000.0,0.0
412000,44291.43,10441.4375,10000.0,0.0
412500,44352.96,10503.25,10000.0,0.0
413000,44414.496,10565.058,10000.0,0.0
413500,44476.03,10626.877,10000.0,0.0
414000,44537.566,10688.685,10000.0,0.0
414500,44599.1,10740.276,10000.0,0.0
415000,44660.633,10773.315,10000.0,0.0
415500,44722.17,10806.369,10000.0,0.0
416000,44783.707,10839.411,10000.0,0.0
416500,44845.242,10872.461,10000.0,0.0
417000,44906.777,10905.498,10000.0,0.0
417500,44968.312,10938.549,10000.0,0.0
418000,45029.848,10971.586,10000.0,0.0
418500,45091.38,11004.633,10000.0,0.0
419000,45152.918,11037.678,10000.0,0.0
419500,45214.45,11070.721,10000.0,0.0
420000,45275.99,11103.7705,10000.0,0.0
420500,45337.523,11136.815,10000.0,0.0
421000,45399.06,11169.857,10000.0,0.0
421500,45460.594,11202.903,10000.0,0.0
422000,45522.125,11235.95,10000.0,0.0
422500,45583.664,11268.995,10000.0,0.0
423000,45645.195,11302.037,10000.0,0.0
423500,45706.73,11335.08,10000.0,0.0
424000,45768.266,11368.125,10000.0,0.0
424500,45829.805,11401.175,10000.0,0.0
425000,45891.34,11434.221,10000.0,0.0
425500,45952.87,11467.26,10000.0,0.0
426000,46014.41,11500.305,10000.0,0.0
426500,46075.94,11533.347,10000.0,0.0
427000,46137.477,11566.396,10000.0,0.0
427500,46199.01,11599.435,10000.0,0.0
428000,46260.547,11632.492,10000.0,0.0
428500,46322.086,11665.537,10000.0,0.0
429000,46383.62,11698.58,10000.0,0.0
429500,46445.152,11731.619,10000.0,0.0
430000,46506.688,11764.664,10000.0,0.0
430500,46568.223,11797.706,10000.0,0.0
431000,46629.758,11830.752,10000.0,0.0
431500,46691.293,11863.794,10000.0,0.0
432000,46752.83,11896.844,10000.0,0.0
432500,46814.363,11929.896,10000.0,0.0
433000,46875.9,11962.936,10000.0,0.0
433500,46937.434,11995.981,10000.0,0.0
434000,46998.97,12029.023,10000.0,0.0
434500,47060.504,12062.068,10000.0,0.0
435000,47122.04,12095.111,10000.0,0.0
435500,47183.574,12128.153,10000.0,0.0
436000,47245.11,12161.209,10000.0,0.0
436500,47306.64,12194.242,10000.0,0.0
437000,47368.18,12227.299,10000.0,0.0
437500,47429.715,12260.341,10000.0,0.0
438000,47491.25,12293.386,10000.0,0.0
438500,47552.785,12326.428,10000.0,0.0
439000,47614.32,12359.471,10000.0,0.0
439500,47675.855,12392.516,10000.0,0.0
440000,47737.387,12425.5625,10000.0,0.0
440500,47798.926,12458.611,10000.0,0.0
441000,47860.46,12491.658,10000.0,0.0
441500,47921.996,12524.703,10000.0,0.0
442000,47983.53,12557.745,10000.0,0.0
442500,48045.066,12590.787,10000.0,0.0
443000,48106.6,12623.833,10000.0,0.0
443500,48168.133,12656.872,10000.0,0.0
444000,48229.67,12689.928,10000.0,0.0
444500,48291.203,12722.959,10000.0,0.0
445000,48352.74,12756.013,10000.0,0.0
445500,48414.277,12789.0625,10000.0,0.0
446000,48475.812,12822.1045,10000.0,0.0
446500,48537.348,12855.15,10000.0,0.0
447000,48598.88,12888.189,10000.0,0.0
447500,48660.418,12921.237,10000.0,0.0
448000,48721.95,12954.276,10000.0,0.0
448500,48783.484,12987.334,10000.0,0.0
449000,48845.02,13020.372,10000.0,0.0
449500,48906.555,13053.422,10000.0,0.0
450000,48968.094,13086.459,10000.0,0.0
450500,49029.625,13119.506,10000.0,0.0
451000,49091.164,13152.547,10000.0,0.0
451500,49152.695,13185.594,10000.0,0.0
452000,49214.23,13218.636,10000.0,0.0
452500,49275.766,13251.678,10000.0,0.0
453000,49337.297,13284.731,10000.0,0.0
453500,49398.836,13317.776,10000.0,0.0
454000,49460.37,13350.823,10000.0,0.0
454500,49521.91,13383.864,10000.0,0.0
455000,49583.44,13416.911,10000.0,0.0
455500,49644.98,13449.951,10000.0,0.0
456000,49706.51,13482.998,10000.0,0.0
456500,49768.043,13516.037,10000.0,0.0
457000,49829.582,13549.094,10000.0,0.0
457500,49891.113,13582.141,10000.0,0.0
458000,49952.652,13615.182,10000.0,0.0
458500,50014.188,13648.229,10000.0,0.0
459000,50075.727,13681.269,10000.0,0.0
459500,50137.258,13714.315,10000.0,0.0
460000,50198.79,13747.3545,10000.0,0.0
460500,50260.33,13780.403,10000.0,0.0
461000,50321.86,13813.45,10000.0,0.0
461500,50383.4,13846.498,10000.0,0.0
462000,50444.93,13879.537,10000.0,0.0
462500,50506.47,13912.586,10000.0,0.0
463000,50568.004,13945.625,10000.0,0.0
463500,50629.535,13978.672,10000.0,0.0
464000,50691.074,14011.713,10000.0,0.0
464500,50752.605,14044.76,10000.0,0.0
465000,50814.145,14077.815,10000.0,0.0
465500,50875.676,14110.8545,10000.0,0.0
466000,50937.215,14143.903,10000.0,0.0
466500,50998.746,14176.942,10000.0,0.0
467000,51060.28,14209.989,10000.0,0.0
467500,51121.82,14243.029,10000.0,0.0
468000,51183.35,14276.076,10000.0,0.0
468500,51244.89,14309.114,10000.0,0.0
469000,51306.42,14342.175,10000.0,0.0
469500,51367.96,14375.213,10000.0,0.0
470000,51429.492,14408.26,10000.0,0.0
470500,51491.027,14441.299,10000.0,0.0
471000,51552.566,14474.347,10000.0,0.0
471500,51614.098,14507.386,10000.0,0.0
472000,51675.637,14540.435,10000.0,0.0
472500,51737.168,14573.474,10000.0,0.0
473000,51798.71,14606.533,10000.0,0.0
473500,51860.24,14639.573,10000.0,0.0
474000,51921.766,14672.6045,10000.0,0.0
474500,51983.31,14705.664,10000.0,0.0
475000,52044.84,14738.705,10000.0,0.0
475500,52106.383,14771.748,10000.0,0.0
476000,52167.91,14804.795,10000.0,0.0
476500,52229.453,14837.839,10000.0,0.0
477000,52290.98,14870.88,10000.0,0.0
477500,52352.523,14903.932,10000.0,0.0
478000,52414.05,14936.979,10000.0,0.0
478500,52475.586,14970.018,10000.0,0.0
479000,52537.12,15003.0625,10000.0,0.0
479500,52598.66,15036.107,10000.0,0.0
480000,52660.195,15067.88,10000.0,0.0
480500,52721.73,15099.07,10000.0,0.0
481000,52783.266,15130.269,10000.0,0.0
481500,52844.8,15161.475,10000.0,0.0
482000,52906.336,15192.674,10000.0,0.0
482500,52967.87,15223.872,10000.0,0.0
483000,53029.406,15255.07,10000.0,0.0
483500,53090.938,15286.263,10000.0,0.0
484000,53152.48,15317.459,10000.0,0.0
484500,53214.008,15348.651,10000.0,0.0
485000,53275.55,15379.864,10000.0,0.0
485500,53337.08,15411.049,10000.0,0.0
486000,53398.613,15442.255,10000.0,0.0
486500,53460.15,15473.453,10000.0,0.0
487000,53521.684,15504.651,10000.0,0.0
487500,53583.22,15535.842,10000.0,0.0
488000,53644.758,15567.041,10000.0,0.0
488500,53706.293,15598.239,10000.0,0.0
489000,53767.83,15629.4375,10000.0,0.0
489500,53829.363,15660.644,10000.0,0.0
490000,53890.9,15691.834,10000.0,0.0
490500,53952.426,15723.034,10000.0,0.0
491000,54013.97,15754.231,10000.0,0.0
491500,54075.496,15785.424,10000.0,0.0
492000,54137.04,15816.62,10000.0,0.0
492500,54198.57,15847.82,10000.0,0.0
493000,54260.113,15879.025,10000.0,0.0
493500,54321.64,15910.209,10000.0,0.0
494000,54383.176,15941.416,10000.0,0.0
494500,54444.71,15972.614,10000.0,0.0
495000,54506.246,16003.8125,10000.0,0.0
495500,54567.78,16035.011,10000.0,0.0
496000,54629.316,16066.209,10000.0,0.0
496500,54690.85,16097.4,10000.0,0.0
497000,54752.39,16128.599,10000.0,0.0
497500,54813.918,16159.791,10000.0,0.0
498000,54875.46,16191.003,10000.0,0.0
498500,54936.99,16222.195,10000.0,0.0
499000,54998.53,16253.393,10000.0,0.0
499500,55060.06,16284.592,10000.0,0.0
500000,55121.594,16315.791,10000.0,0.0
500500,55183.133,16346.981,10000.0,0.0
501000,55244.668,16378.18,10000.0,0.0
501500,55306.203,16409.379,10000.0,0.0
502000,55367.74,16440.584,10000.0,0.0
502500,55429.273,16471.783,10000.0,0.0
503000,55490.81,16502.973,10000.0,0.0
503500,55552.344,16534.172,10000.0,0.0
504000,55613.88,16565.371,10000.0,0.0
504500,55675.41,16596.562,10000.0,0.0
505000,55736.95,16627.76,10000.0,0.0
505500,55798.48,16658.959,10000.0,0.0
506000,55860.023,16690.164,10000.0,0.0
506500,55921.55,16721.363,10000.0,0.0
507000,55983.086,16752.555,10000.0,0.0
507500,56044.62,16783.754,10000.0,0.0
508000,56106.156,16814.951,10000.0,0.0
508500,56167.69,16846.15,10000.0,0.0
509000,56229.227,16877.348,10000.0,0.0
509500,56290.766,16908.54,10000.0,0.0
510000,56352.3,16939.746,10000.0,0.0
510500,56413.836,16970.943,10000.0,0.0
511000,56475.37,17002.143,10000.0,0.0
511500,56536.9,17033.334,10000.0,0.0
512000,56598.44,17064.531,10000.0,0.0
512500,56659.97,17095.73,10000.0,0.0
513000,56721.51,17126.928,10000.0,0.0
513500,56783.043,17158.121,10000.0,0.0
514000,56844.58,17189.318,10000.0,0.0
514500,56906.113,17220.525,10000.0,0.0
515000,56967.65,17251.723,10000.0,0.0
515500,57029.184,17282.922,10000.0,0.0
516000,57090.72,17314.113,10000.0,0.0
516500,57152.254,17345.318,10000.0,0.0
517000,57213.79,17376.51,10000.0,0.0
517500,57275.324,17407.7,10000.0,0.0
518000,57336.863,17438.922,10000.0,0.0
518500,57398.4,17470.113,10000.0,0.0
519000,57459.934,17501.303,10000.0,0.0
519500,57521.46,17532.504,10000.0,0.0
520000,57583.004,17563.7,10000.0,0.0
520500,57644.53,17594.9,10000.0,0.0
521000,57706.066,17626.09,10000.0,0.0
521500,57767.6,17657.281,10000.0,0.0
522000,57829.14,17688.488,10000.0,0.0
522500,57890.676,17719.693,10000.0,0.0
523000,57952.21,17750.885,10000.0,0.0
523500,58013.746,17782.09,10000.0,0.0
524000,58075.28,17813.281,10000.0,0.0
524500,58136.816,17844.473,10000.0,0.0
525000,58198.344,17875.672,10000.0,0.0
525500,58259.887,17906.87,10000.0,0.0
526000,58321.42,17938.074,10000.0,0.0
526500,58382.953,17969.26,10000.0,0.0
527000,58444.49,18000.465,10000.0,0.0
527500,58506.023,18031.656,10000.0,0.0
528000,58567.566,18062.87,10000.0,0.0
528500,58629.094,18094.068,10000.0,0.0
529000,58690.63,18125.26,10000.0,0.0
529500,58752.164,18156.465,10000.0,0.0
530000,58813.707,18187.646,10000.0,0.0
530500,58875.24,18218.863,10000.0,0.0
531000,58936.773,18250.037,10000.0,0.0
531500,58998.31,18281.244,10000.0,0.0
532000,59059.836,18312.428,10000.0,0.0
532500,59121.38,18343.64,10000.0,0.0
533000,59182.914,18374.848,10000.0,0.0
533500,59244.45,18406.037,10000.0,0.0
534000,59305.977,18437.238,10000.0,0.0
534500,59367.516,18468.428,10000.0,0.0
535000,59429.055,18499.64,10000.0,0.0
535500,59490.586,18530.824,10000.0,0.0
536000,59552.12,18562.031,10000.0,0.0
536500,59613.656,18593.215,10000.0,0.0
537000,59675.184,18624.422,10000.0,0.0
537500,59736.727,18655.62,10000.0,0.0
538000,59798.26,18686.809,10000.0,0.0
538500,59859.797,18718.016,10000.0,0.0
539000,59921.33,18749.2,10000.0,0.0
539500,59982.87,18780.412,10000.0,0.0
540000,60044.406,18811.604,10000.0,0.0
540500,60105.94,18842.809,10000.0,0.0
541000,60167.47,18874.016,10000.0,0.0
541500,60229.004,18905.2,10000.0,0.0
542000,60290.547,18936.412,10000.0,0.0
542500,60352.074,18967.598,10000.0,0.0
543000,60413.613,18998.803,10000.0,0.0
543500,60475.15,19029.979,10000.0,0.0
544000,60536.684,19061.184,10000.0,0.0
544500,60598.22,19092.39,10000.0,0.0
545000,60659.754,19123.582,10000.0,0.0
545500,60721.29,19154.787,10000.0,0.0
546000,60782.816,19185.973,10000.0,0.0
546500,60844.36,19217.184,10000.0,0.0
547000,60905.895,19248.375,10000.0,0.0
547500,60967.43,19279.582,10000.0,0.0
548000,61028.96,19310.766,10000.0,0.0
548500,61090.496,19341.973,10000.0,0.0
549000,61152.04,19373.184,10000.0,0.0
549500,61213.566,19404.37,10000.0,0.0
550000,61275.1,19435.574,10000.0,0.0
550500,61336.637,19466.75,10000.0,0.0
551000,61398.17,19497.957,10000.0,0.0
551500,61459.707,19529.146,10000.0,0.0
552000,61521.246,19560.354,10000.0,0.0
552500,61582.78,19591.537,10000.0,0.0
553000,61644.31,19622.744,10000.0,0.0
553500,61705.85,19651.55,10000.0,0.0
554000,61767.387,19673.084,10000.0,0.0
554500,61828.92,19694.635,10000.0,0.0
555000,61890.45,19716.146,10000.0,0.0
555500,61951.984,19737.697,10000.0,0.0
556000,62013.527,19759.223,10000.0,0.0
556500,62075.06,19780.766,10000.0,0.0
557000,62136.594,19802.322,10000.0,0.0
557500,62198.13,19823.85,10000.0,0.0
558000,62259.664,19845.385,10000.0,0.0
558500,62321.2,19866.918,10000.0,0.0
559000,62382.734,19888.469,10000.0,0.0
559500,62444.27,19909.988,10000.0,0.0
560000,62505.8,19931.531,10000.0,0.0
560500,62567.336,19953.066,10000.0,0.0
561000,62628.88,19974.605,10000.0,0.0
561500,62690.414,19996.156,10000.0,0.0
562000,62751.94,20017.684,10000.0,0.0
562500,62813.477,20039.219,10000.0,0.0
563000,62875.02,20060.744,10000.0,0.0
563500,62936.555,20082.293,10000.0,0.0
564000,62998.082,20103.822,10000.0,0.0
564500,63059.62,20125.371,10000.0,0.0
565000,63121.156,20146.89,10000.0,0.0
565500,63182.69,20168.441,10000.0,0.0
566000,63244.227,20189.99,10000.0,0.0
566500,63305.76,20211.51,10000.0,0.0
567000,63367.297,20233.059,10000.0,0.0
567500,63428.824,20254.588,10000.0,0.0
568000,63490.367,20276.129,10000.0,0.0
568500,63551.902,20297.662,10000.0,0.0
569000,63613.434,20319.207,10000.0,0.0
569500,63674.97,20340.756,10000.0,0.0
570000,63736.51,20362.281,10000.0,0.0
570500,63798.047,20383.816,10000.0,0.0
571000,63859.574,20405.344,10000.0,0.0
571500,63921.11,20426.895,10000.0,0.0
572000,63982.645,20448.412,10000.0,0.0
572500,64044.18,20469.963,10000.0,0.0
573000,64105.72,20491.52,10000.0,0.0
573500,64167.254,20513.031,10000.0,0.0
574000,64228.79,20534.582,10000.0,0.0
574500,64290.316,20556.11,10000.0,0.0
575000,64351.86,20577.65,10000.0,0.0
575500,64413.395,20599.184,10000.0,0.0
576000,64474.92,20620.729,10000.0,0.0
576500,64536.457,20642.246,10000.0,0.0
577000,64598.0,20663.803,10000.0,0.0
577500,64659.535,20685.354,10000.0,0.0
578000,64721.066,20706.865,10000.0,0.0
578500,64782.6,20728.416,10000.0,0.0
579000,64844.137,20749.95,10000.0,0.0
579500,64905.67,20771.484,10000.0,0.0
580000,64967.207,20793.02,10000.0,0.0
580500,65028.742,20814.568,10000.0,0.0
581000,65090.277,20836.088,10000.0,0.0
581500,65151.81,20857.63,10000.0,0.0
582000,65213.35,20879.188,10000.0,0.0
582500,65274.887,20900.707,10000.0,0.0
583000,65336.414,20922.25,10000.0,0.0
583500,65397.95,20943.785,10000.0,0.0
584000,65459.484,20965.318,10000.0,0.0
584500,65521.027,20986.844,10000.0,0.0
585000,65582.555,21008.402,10000.0,0.0
585500,65644.09,21029.938,10000.0,0.0
586000,65705.625,21021.928,10000.0,0.0
586500,65767.17,21005.344,10000.0,0.0
587000,65828.7,20988.758,10000.0,0.0
587500,65890.234,20982.963,10000.0,0.0
588000,65951.766,20990.516,10000.0,0.0
588500,66013.3,20998.092,10000.0,0.0
589000,66074.84,21005.666,10000.0,0.0
589500,66136.375,21013.229,10000.0,0.0
590000,66197.91,21020.793,10000.0,0.0
590500,66259.44,21028.373,10000.0,0.0
591000,66320.98,21035.953,10000.0,0.0
591500,66382.516,21043.512,10000.0,0.0
592000,66444.05,21051.086,10000.0,0.0
592500,66505.58,21058.639,10000.0,0.0
593000,66567.12,21066.22,10000.0,0.0
593500,66628.66,21073.777,10000.0,0.0
594000,66690.19,21081.354,10000.0,0.0
594500,66751.73,21088.934,10000.0,0.0
595000,66813.266,21096.486,10000.0,0.0
595500,66874.79,21104.078,10000.0,0.0
596000,66936.33,21111.635,10000.0,0.0
596500,66997.87,21119.2,10000.0,0.0
597000,67059.41,21126.768,10000.0,0.0
597500,67120.93,21134.344,10000.0,0.0
598000,67182.47,21123.963,10000.0,0.0
598500,67244.01,21107.379,10000.0,0.0
599000,67305.54,21090.807,10000.0,0.0
599500,67367.08,21074.207,10000.0,0.0
600000,67428.61,21057.637,10000.0,0.0
600500,67490.16,21041.053,10000.0,0.0
601000,67551.68,21024.467,10000.0,0.0
601500,67613.22,21007.898,10000.0,0.0
602000,67674.75,20991.312,10000.0,0.0
602500,67736.28,20974.725,10000.0,0.0
603000,67797.83,20958.143,10000.0,0.0
603500,67859.36,20941.574,10000.0,0.0
604000,67920.89,20924.973,10000.0,0.0
604500,67982.42,20891.496,10000.0,0.0
605000,68043.95,20850.754,10000.0,0.0
605500,68105.5,20810.016,10000.0,0.0
606000,68167.03,20769.271,10000.0,0.0
606500,68228.56,20728.562,10000.0,0.0
607000,68290.1,20687.82,10000.0,0.0
607500,68351.64,20647.08,10000.0,0.0
608000,68413.17,20606.37,10000.0,0.0
608500,68474.7,20565.613,10000.0,0.0
609000,68536.24,20524.887,10000.0,0.0
609500,68597.766,20484.16,10000.0,0.0
610000,68659.31,20443.42,10000.0,0.0
610500,68720.84,20402.68,10000.0,0.0
611000,68782.38,20361.953,10000.0,0.0
611500,68843.914,20321.227,10000.0,0.0
612000,68905.45,20280.484,10000.0,0.0
612500,68966.99,20239.76,10000.0,0.0
613000,69028.516,20199.018,10000.0,0.0
613500,69090.055,20158.291,10000.0,0.0
614000,69151.59,20117.568,10000.0,0.0
614500,69213.125,20076.824,10000.0,0.0
615000,69274.66,20060.176,10000.0,0.0
615500,69336.2,20043.592,10000.0,0.0
616000,69397.734,20027.023,10000.0,0.0
616500,69459.266,20010.436,10000.0,0.0
617000,69520.805,19993.854,10000.0,0.0
617500,69582.34,19977.283,10000.0,0.0
618000,69643.875,19960.684,10000.0,0.0
618500,69705.41,19944.11,10000.0,0.0
619000,69766.94,19927.527,10000.0,0.0
619500,69828.484,19910.943,10000.0,0.0
620000,69890.016,19894.357,10000.0,0.0
620500,69951.55,19877.787,10000.0,0.0
621000,70013.08,19861.188,10000.0,0.0
621500,70074.62,19844.617,10000.0,0.0
622000,70136.16,19828.033,10000.0,0.0
622500,70197.69,19811.447,10000.0,0.0
623000,70259.22,19794.879,10000.0,0.0
623500,70320.75,19778.291,10000.0,0.0
624000,70382.3,19761.709,10000.0,0.0
624500,70443.83,19745.123,10000.0,0.0
625000,70505.37,19728.555,10000.0,0.0
625500,70566.89,19711.951,10000.0,0.0
626000,70628.43,19692.71,10000.0,0.0
626500,70689.97,19653.895,10000.0,0.0
627000,70751.51,19615.088,10000.0,0.0
627500,70813.04,19576.314,10000.0,0.0
628000,70874.57,19537.494,10000.0,0.0
628500,70936.11,19498.707,10000.0,0.0
629000,70997.64,19459.887,10000.0,0.0
629500,71059.18,19421.1,10000.0,0.0
630000,71120.71,19382.28,10000.0,0.0
630500,71182.25,19343.492,10000.0,0.0
631000,71243.78,19304.686,10000.0,0.0
631500,71305.32,19265.885,10000.0,0.0
632000,71366.86,19227.096,10000.0,0.0
632500,71428.38,19188.291,10000.0,0.0
633000,71489.92,19149.502,10000.0,0.0
633500,71551.46,19110.67,10000.0,0.0
634000,71613.0,19071.88,10000.0,0.0
634500,71674.53,19033.09,10000.0,0.0
635000,71736.06,18994.287,10000.0,0.0
635500,71797.6,18955.5,10000.0,0.0
636000,71859.13,18916.68,10000.0,0.0
636500,71920.67,18877.893,10000.0,0.0
637000,71982.2,18839.072,10000.0,0.0
637500,72043.74,18800.285,10000.0,0.0
638000,72105.266,18761.479,10000.0,0.0
638500,72166.81,18722.678,10000.0,0.0
639000,72228.34,18683.889,10000.0,0.0
639500,72289.875,18645.084,10000.0,0.0
640000,72351.414,18606.295,10000.0,0.0
640500,72412.95,18567.46,10000.0,0.0
641000,72474.49,18528.674,10000.0,0.0
641500,72536.016,18489.867,10000.0,0.0
642000,72597.555,18451.08,10000.0,0.0
642500,72659.086,18412.26,10000.0,0.0
643000,72720.625,18373.473,10000.0,0.0
643500,72782.164,18334.684,10000.0,0.0
644000,72843.695,18295.865,10000.0,0.0
644500,72905.234,18257.076,10000.0,0.0
645000,72966.76,18218.271,10000.0,0.0
645500,73028.305,18179.469,10000.0,0.0
646000,73089.836,18140.65,10000.0,0.0
646500,73151.37,18101.875,10000.0,0.0
647000,73212.91,18063.057,10000.0,0.0
647500,73274.445,18024.254,10000.0,0.0
648000,73335.984,17985.467,10000.0,0.0
648500,73397.51,17946.66,10000.0,0.0
649000,73459.05,17907.873,10000.0,0.0
649500,73520.58,17869.053,10000.0,0.0
650000,73582.125,17830.252,10000.0,0.0
650500,73643.65,17791.445,10000.0,0.0
651000,73705.19,17752.658,10000.0,0.0
651500,73766.72,17713.855,10000.0,0.0
652000,73828.25,17675.064,10000.0,0.0
652500,73889.8,17636.262,10000.0,0.0
653000,73951.33,17597.443,10000.0,0.0
653500,74012.86,17558.668,10000.0,0.0
654000,74074.39,17519.85,10000.0,0.0
654500,74135.93,17481.06,10000.0,0.0
655000,74197.47,17442.258,10000.0,0.0
655500,74259.0,17403.453,10000.0,0.0
656000,74320.54,17364.664,10000.0,0.0
656500,74382.07,17325.846,10000.0,0.0
657000,74443.62,17287.043,10000.0,0.0
657500,74505.14,17248.238,10000.0,0.0
658000,74566.68,17209.45,10000.0,0.0
658500,74628.21,17170.63,10000.0,0.0
659000,74689.74,17131.855,10000.0,0.0
659500,74751.28,17093.023,10000.0,0.0
660000,74812.82,17054.234,10000.0,0.0
660500,74874.36,17015.447,10000.0,0.0
661000,74935.88,16976.64,10000.0,0.0
661500,74997.42,16937.854,10000.0,0.0
662000,75058.96,16899.02,10000.0,0.0
662500,75120.49,16860.246,10000.0,0.0
663000,75182.02,16821.426,10000.0,0.0
663500,75243.56,16782.639,10000.0,0.0
664000,75305.1,16743.836,10000.0,0.0
664500,75366.63,16705.031,10000.0,0.0
665000,75428.17,16666.242,10000.0,0.0
665500,75489.7,16627.424,10000.0,0.0
666000,75551.234,16588.648,10000.0,0.0
666500,75612.77,16549.816,10000.0,0.0
667000,75674.31,16511.027,10000.0,0.0
667500,75735.84,16472.227,10000.0,0.0
668000,75797.375,16433.434,10000.0,0.0
668500,75858.914,16394.646,10000.0,0.0
669000,75920.45,16355.8125,10000.0,0.0
669500,75981.984,16317.038,10000.0,0.0
670000,76043.516,16278.219,10000.0,0.0
670500,76105.055,16239.431,10000.0,0.0
671000,76166.59,16200.629,10000.0,0.0
671500,76228.125,16161.823,10000.0,0.0
672000,76289.66,16123.018,10000.0,0.0
672500,76351.195,16084.216,10000.0,0.0
673000,76412.73,16045.441,10000.0,0.0
673500,76474.266,16006.608,10000.0,0.0
674000,76535.805,15967.82,10000.0,0.0
674500,76597.336,15929.001,10000.0,0.0
675000,76658.87,15890.227,10000.0,0.0
675500,76720.4,15851.407,10000.0,0.0
676000,76781.945,15812.605,10000.0,0.0
676500,76843.47,15773.816,10000.0,0.0
677000,76905.01,15735.012,10000.0,0.0
677500,76966.55,15696.223,10000.0,0.0
678000,77028.08,15657.403,10000.0,0.0
678500,77089.62,15618.615,10000.0,0.0
679000,77151.15,15579.796,10000.0,0.0
679500,77212.69,15541.008,10000.0,0.0
680000,77274.21,15502.202,10000.0,0.0
680500,77335.76,15463.4,10000.0,0.0
681000,77397.29,15424.612,10000.0,0.0
681500,77458.83,15385.793,10000.0,0.0
682000,77520.36,15347.019,10000.0,0.0
682500,77581.89,15308.199,10000.0,0.0
683000,77643.44,15269.397,10000.0,0.0
683500,77704.96,15230.592,10000.0,0.0
684000,77766.5,15191.804,10000.0,0.0
684500,77828.03,15152.984,10000.0,0.0
685000,77889.57,15114.196,10000.0,0.0
685500,77951.1,15075.408,10000.0,0.0
686000,78012.64,15036.589,10000.0,0.0
686500,78074.18,14997.801,10000.0,0.0
687000,78135.7,14958.995,10000.0,0.0
687500,78197.25,14920.193,10000.0,0.0
688000,78258.78,14881.388,10000.0,0.0
688500,78320.32,14842.586,10000.0,0.0
689000,78384.68,14804.921,10000.0,0.0
689500,78451.664,14768.289,10000.0,0.0
690000,78518.66,14731.626,10000.0,0.0
690500,78585.63,14694.98,10000.0,0.0
691000,78652.61,14658.347,10000.0,0.0
691500,78719.586,14621.684,10000.0,0.0
692000,78786.57,14585.051,10000.0,0.0
692500,78853.555,14548.403,10000.0,0.0
693000,78920.53,14511.74,10000.0,0.0
693500,78987.516,14475.108,10000.0,0.0
694000,79054.484,14438.475,10000.0,0.0
694500,79121.48,14401.829,10000.0,0.0
695000,79188.45,14365.182,10000.0,0.0
695500,79255.44,14328.534,10000.0,0.0
696000,79322.414,14291.9,10000.0,0.0
696500,79389.39,14255.237,10000.0,0.0
697000,79456.38,14218.607,10000.0,0.0
697500,79523.36,14181.96,10000.0,0.0
698000,79590.336,14145.311,10000.0,0.0
698500,79657.32,14108.679,10000.0,0.0
699000,79724.3,14072.031,10000.0,0.0
699500,79791.28,14035.368,10000.0,0.0
700000,79858.26,13998.736,10000.0,0.0
700500,79925.24,13962.1045,10000.0,0.0
701000,79992.23,13925.457,10000.0,0.0
701500,80059.195,13888.808,10000.0,0.0
702000,80126.19,13852.162,10000.0,0.0
702500,80193.164,13815.53,10000.0,0.0
703000,80260.14,13778.865,10000.0,0.0
703500,80327.125,13742.233,10000.0,0.0
704000,80394.11,13705.588,10000.0,0.0
704500,80461.09,13668.956,10000.0,0.0
705000,80528.06,13632.291,10000.0,0.0
705500,80595.05,13595.659,10000.0,0.0
706000,80662.03,13558.996,10000.0,0.0
706500,80729.01,13522.363,10000.0,0.0
707000,80795.99,13485.716,10000.0,0.0
707500,80862.97,13449.07,10000.0,0.0
708000,80929.95,13412.421,10000.0,0.0
708500,80996.93,13375.787,10000.0,0.0
709000,81063.914,13339.142,10000.0,0.0
709500,81130.9,13302.479,10000.0,0.0
710000,81197.87,13265.86,10000.0,0.0
710500,81264.85,13229.213,10000.0,0.0
711000,81331.836,13192.552,10000.0,0.0
711500,81398.82,13155.904,10000.0,0.0
712000,81465.8,13119.286,10000.0,0.0
712500,81532.77,13082.623,10000.0,0.0
713000,81599.76,13045.976,10000.0,0.0
713500,81666.74,13009.346,10000.0,0.0
714000,81733.72,12972.698,10000.0,0.0
714500,81800.7,12936.049,10000.0,0.0
715000,81867.68,12899.401,10000.0,0.0
715500,81934.66,12862.766,10000.0,0.0
716000,82001.64,12826.106,10000.0,0.0
716500,82068.625,12789.475,10000.0,0.0
717000,82135.6,12752.841,10000.0,0.0
717500,82202.58,12716.178,10000.0,0.0
718000,82269.56,12679.546,10000.0,0.0
718500,82336.55,12642.9,10000.0,0.0
719000,82403.52,12606.251,10000.0,0.0
719500,82470.51,12569.604,10000.0,0.0
720000,82537.484,12532.972,10000.0,0.0
720500,82604.48,12496.325,10000.0,0.0
721000,82671.445,12459.676,10000.0,0.0
721500,82738.43,12423.028,10000.0,0.0
722000,82805.414,12386.396,10000.0,0.0
722500,82872.38,12349.747,10000.0,0.0
723000,82939.375,12313.102,10000.0,0.0
723500,83006.35,12276.454,10000.0,0.0
724000,83073.336,12239.791,10000.0,0.0
724500,83140.305,12203.173,10000.0,0.0
725000,83207.29,12166.525,10000.0,0.0
725500,83274.28,12129.862,10000.0,0.0
726000,83341.25,12093.23,10000.0,0.0
726500,83408.234,12056.599,10000.0,0.0
727000,83475.21,12019.936,10000.0,0.0
727500,83542.2,11983.29,10000.0,0.0
728000,83609.18,11946.656,10000.0,0.0
728500,83676.16,11909.993,10000.0,0.0
729000,83743.14,11873.361,10000.0,0.0
729500,83810.11,11836.728,10000.0,0.0
730000,83877.1,11800.082,10000.0,0.0
730500,83944.086,11763.419,10000.0,0.0
731000,84011.06,11726.787,10000.0,0.0
731500,84078.04,11690.153,10000.0,0.0
732000,84145.016,11653.49,10000.0,0.0
732500,84212.01,11616.845,10000.0,0.0
733000,84278.984,11580.211,10000.0,0.0
733500,84345.96,11543.563,10000.0,0.0
734000,84412.945,11506.916,10000.0,0.0
734500,84479.93,11470.27,10000.0,0.0
735000,84546.91,11433.621,10000.0,0.0
735500,84613.89,11396.988,10000.0,0.0
736000,84680.87,11360.341,10000.0,0.0
736500,84747.84,11323.707,10000.0,0.0
737000,84814.83,11287.046,10000.0,0.0
737500,84881.81,11250.414,10000.0,0.0
738000,84948.79,11213.767,10000.0,0.0
738500,85015.766,11177.117,10000.0,0.0
739000,85082.75,11140.485,10000.0,0.0
739500,85149.734,11103.84,10000.0,0.0
740000,85216.71,11067.175,10000.0,0.0
740500,85283.69,11030.543,10000.0,0.0
741000,85350.67,10993.911,10000.0,0.0
741500,85417.66,10957.248,10000.0,0.0
742000,85484.63,10920.601,10000.0,0.0
742500,85551.62,10883.969,10000.0,0.0
743000,85618.59,10847.323,10000.0,0.0
743500,85685.57,10810.672,10000.0,0.0
744000,85752.56,10774.026,10000.0,0.0
744500,85819.54,10737.395,10000.0,0.0
745000,85886.52,10700.731,10000.0,0.0
745500,85953.49,10664.098,10000.0,0.0
746000,86020.48,10627.466,10000.0,0.0
746500,86087.47,10590.82,10000.0,0.0
747000,86154.44,10554.171,10000.0,0.0
747500,86221.42,10517.523,10000.0,0.0
748000,86288.4,10480.86,10000.0,0.0
748500,86355.38,10444.229,10000.0,0.0
749000,86422.37,10407.597,10000.0,0.0
749500,86489.34,10370.95,10000.0,0.0
750000,86556.33,10334.285,10000.0,0.0
750500,86623.3,10297.668,10000.0,0.0
751000,86690.29,10261.021,10000.0,0.0
751500,86757.27,10224.358,10000.0,0.0
752000,86824.25,10187.727,10000.0,0.0
752500,86891.23,10151.093,10000.0,0.0
753000,86958.2,10114.43,10000.0,0.0
753500,87025.195,10077.784,10000.0,0.0
754000,87092.17,10041.152,10000.0,0.0
754500,87159.15,10004.487,10000.0,0.0
755000,87226.13,9967.855,10000.0,0.0
755500,87293.11,9931.224,10000.0,0.0
756000,87360.09,9894.578,10000.0,0.0
756500,87427.07,9857.913,10000.0,0.0
757000,87494.055,9821.281,10000.0,0.0
757500,87561.03,9784.63,10000.0,0.0
758000,87628.016,9747.986,10000.0,0.0
758500,87695.0,9711.339,10000.0,0.0
759000,87761.98,9674.707,10000.0,0.0
759500,87828.95,9638.058,10000.0,0.0
760000,87895.94,9601.41,10000.0,0.0
760500,87962.92,9564.765,10000.0,0.0
761000,88029.91,9528.115,10000.0,0.0
761500,88096.875,9491.483,10000.0,0.0
762000,88163.86,9454.836,10000.0,0.0
762500,88230.84,9418.19,10000.0,0.0
763000,88297.82,9381.541,10000.0,0.0
763500,88364.805,9344.909,10000.0,0.0
764000,88431.78,9308.246,10000.0,0.0
764500,88498.766,9271.598,10000.0,0.0
765000,88565.74,9234.98,10000.0,0.0
765500,88632.73,9198.334,10000.0,0.0
766000,88699.71,9161.671,10000.0,0.0
766500,88766.68,9125.037,10000.0,0.0
767000,88833.664,9088.405,10000.0,0.0
767500,88900.65,9051.729,10000.0,0.0
768000,88967.63,9015.097,10000.0,0.0
768500,89034.61,8978.463,10000.0,0.0
769000,89101.586,8941.8,10000.0,0.0
769500,89168.57,8905.168,10000.0,0.0
770000,89235.55,8868.5205,10000.0,0.0
770500,89302.53,8831.873,10000.0,0.0
771000,89369.516,8795.226,10000.0,0.0
771500,89436.49,8758.594,10000.0,0.0
772000,89503.47,8721.96,10000.0,0.0
772500,89570.45,8685.299,10000.0,0.0
773000,89637.44,8648.651,10000.0,0.0
773500,89704.414,8612.018,10000.0,0.0
774000,89771.39,8575.37,10000.0,0.0
774500,89838.38,8538.725,10000.0,0.0
775000,89905.36,8502.077,10000.0,0.0
775500,89972.336,8465.428,10000.0,0.0
776000,90039.32,8428.796,10000.0,0.0
776500,90106.3,8392.148,10000.0,0.0
777000,90173.28,8355.485,10000.0,0.0
777500,90240.26,8318.854,10000.0,0.0
778000,90307.24,8282.222,10000.0,0.0
778500,90374.23,8245.574,10000.0,0.0
779000,90441.195,8208.925,10000.0,0.0
779500,90508.19,8172.279,10000.0,0.0
780000,90575.164,8135.647,10000.0,0.0
780500,90642.14,8098.982,10000.0,0.0
781000,90709.125,8062.35,10000.0,0.0
781500,90776.11,8025.7046,10000.0,0.0
782000,90843.09,7989.0723,10000.0,0.0
782500,90910.06,7952.4077,10000.0,0.0
783000,90977.05,7915.7754,10000.0,0.0
783500,91044.02,7879.1123,10000.0,0.0
784000,91111.016,7842.467,10000.0,0.0
784500,91177.99,7805.833,10000.0,0.0
785000,91244.97,7769.1875,10000.0,0.0
785500,91311.95,7732.538,10000.0,0.0
786000,91378.92,7695.9043,10000.0,0.0
786500,91445.914,7659.259,10000.0,0.0
787000,91512.9,7622.6113,10000.0,0.0
787500,91579.875,7585.964,10000.0,0.0
788000,91646.85,7549.33,10000.0,0.0
788500,91713.83,7512.667,10000.0,0.0
789000,91780.82,7476.037,10000.0,0.0
789500,91847.8,7439.4033,10000.0,0.0
790000,91914.77,7402.74,10000.0,0.0
790500,91981.76,7366.108,10000.0,0.0
791000,92048.74,7329.4624,10000.0,0.0
791500,92115.72,7292.815,10000.0,0.0
792000,92182.7,7256.1655,10000.0,0.0
792500,92249.68,7219.5337,10000.0,0.0
793000,92316.66,7182.8823,10000.0,0.0
793500,92383.64,7146.223,10000.0,0.0
794000,92450.625,7109.5913,10000.0,0.0
794500,92517.61,7072.9595,10000.0,0.0
795000,92584.58,7036.2944,10000.0,0.0
795500,92651.56,6999.6626,10000.0,0.0
796000,92718.55,6963.017,10000.0,0.0
796500,92785.52,6926.3677,10000.0,0.0
797000,92852.5,6889.72,10000.0,0.0
797500,92919.484,6853.088,10000.0,0.0
798000,92986.48,6816.4424,10000.0,0.0
798500,93053.445,6779.793,10000.0,0.0
799000,93120.43,6743.1455,10000.0,0.0
799500,93187.41,6706.4824,10000.0,0.0
800000,93254.38,6669.8643,10000.0,0.0
800500,93321.375,6633.2188,10000.0,0.0
801000,93388.35,6596.5713,10000.0,0.0
801500,93455.336,6559.908,10000.0,0.0
802000,93522.305,6523.29,10000.0,0.0
802500,93589.29,6486.6426,10000.0,0.0
803000,93656.28,6449.9795,10000.0,0.0
803500,93723.25,6413.3477,10000.0,0.0
804000,93790.234,6376.716,10000.0,0.0
804500,93857.21,6340.0527,10000.0,0.0
805000,93924.2,6303.4067,10000.0,0.0
805500,93991.18,6266.773,10000.0,0.0
806000,94058.16,6230.11,10000.0,0.0
806500,94125.14,6193.478,10000.0,0.0
807000,94192.11,6156.844,10000.0,0.0
807500,94259.1,6120.1987,10000.0,0.0
808000,94326.086,6083.5356,10000.0,0.0
808500,94393.06,6046.904,10000.0,0.0
809000,94460.04,6010.27,10000.0,0.0
809500,94527.016,5973.607,10000.0,0.0
810000,94594.01,5936.9614,10000.0,0.0
810500,94660.984,5900.3433,10000.0,0.0
811000,94727.96,5863.68,10000.0,0.0
811500,94794.945,5827.0327,10000.0,0.0
812000,94861.92,5790.4004,10000.0,0.0
812500,94928.91,5753.7373,10000.0,0.0
813000,94995.88,5717.1055,10000.0,0.0
813500,95062.87,5680.458,10000.0,0.0
814000,95129.84,5643.84,10000.0,0.0
814500,95196.83,5607.163,10000.0,0.0
815000,95263.81,5570.5312,10000.0,0.0
815500,95330.79,5533.884,10000.0,0.0
816000,95397.766,5497.2344,10000.0,0.0
816500,95464.75,5460.6025,10000.0,0.0
817000,95531.734,5423.957,10000.0,0.0
817500,95598.72,5387.3096,10000.0,0.0
818000,95665.69,5350.66,10000.0,0.0
818500,95732.67,5314.0283,10000.0,0.0
819000,95799.66,5277.365,10000.0,0.0
819500,95866.63,5240.7173,10000.0,0.0
820000,95933.62,5204.0854,10000.0,0.0
820500,96000.59,5167.44,10000.0,0.0
821000,96067.57,5130.7886,10000.0,0.0
821500,96134.56,5094.143,10000.0,0.0
822000,96201.54,5057.511,10000.0,0.0
822500,96268.52,5020.848,10000.0,0.0
823000,96335.49,4984.2144,10000.0,0.0
823500,96402.48,4947.5825,10000.0,0.0
824000,96469.47,4910.937,10000.0,0.0
824500,96536.445,4874.274,10000.0,0.0
825000,96603.42,4837.64,10000.0,0.0
825500,96670.4,4800.9927,10000.0,0.0
826000,96737.38,4764.345,10000.0,0.0
826500,96804.36,4727.713,10000.0,0.0
827000,96871.34,4691.0674,10000.0,0.0
827500,96938.33,4654.418,10000.0,0.0
828000,97005.305,4617.7705,10000.0,0.0
828500,97072.29,4581.1387,10000.0,0.0
829000,97139.266,4544.4756,10000.0,0.0
829500,97206.25,4507.8438,10000.0,0.0
830000,97273.23,4471.21,10000.0,0.0
830500,97340.2,4434.547,10000.0,0.0
831000,97407.195,4397.9014,10000.0,0.0
831500,97474.17,4361.2695,10000.0,0.0
832000,97541.15,4324.6045,10000.0,0.0
832500,97608.13,4287.9727,10000.0,0.0
833000,97675.11,4251.341,10000.0,0.0
833500,97742.09,4214.695,10000.0,0.0
834000,97809.07,4178.03,10000.0,0.0
834500,97876.055,4141.398,10000.0,0.0
835000,97943.04,4104.766,10000.0,0.0
835500,98010.01,4068.1013,10000.0,0.0
836000,98077.0,4031.4556,10000.0,0.0
836500,98143.98,3994.8237,10000.0,0.0
837000,98210.95,3958.1743,10000.0,0.0
837500,98277.94,3921.5269,10000.0,0.0
838000,98344.92,3884.8813,10000.0,0.0
838500,98411.91,3848.232,10000.0,0.0
839000,98478.875,3811.6,10000.0,0.0
839500,98545.86,3774.9524,10000.0,0.0
840000,98612.836,3738.2893,10000.0,0.0
840500,98679.82,3701.6575,10000.0,0.0
841000,98746.805,3665.0256,10000.0,0.0
841500,98813.78,3628.3625,10000.0,0.0
842000,98880.766,3591.715,10000.0,0.0
842500,98947.734,3555.097,10000.0,0.0
843000,99014.73,3518.4512,10000.0,0.0
843500,99081.71,3481.788,10000.0,0.0
844000,99148.68,3445.1543,10000.0,0.0
844500,99215.664,3408.5225,10000.0,0.0
845000,99282.65,3371.8457,10000.0,0.0
845500,99349.63,3335.2139,10000.0,0.0
846000,99416.61,3298.58,10000.0,0.0
846500,99483.586,3261.917,10000.0,0.0
847000,99550.57,3225.285,10000.0,0.0
847500,99617.555,3188.6394,10000.0,0.0
848000,99684.53,3151.99,10000.0,0.0
848500,99751.516,3115.3425,10000.0,0.0
849000,99818.49,3078.7107,10000.0,0.0
849500,99885.47,3042.077,10000.0,0.0
850000,99952.45,3005.4155,10000.0,0.0
850500,100019.44,2968.768,10000.0,0.0
851000,100086.414,2932.15,10000.0,0.0
851500,100153.39,2895.4868,10000.0,0.0
852000,100220.38,2858.8413,10000.0,0.0
852500,100287.36,2822.1938,10000.0,0.0
853000,100354.336,2785.5444,10000.0,0.0
853500,100421.32,2748.9126,10000.0,0.0
854000,100488.3,2712.265,10000.0,0.0
854500,100555.29,2675.6194,10000.0,0.0
855000,100622.26,2638.97,10000.0,0.0
855500,100689.24,2602.3381,10000.0,0.0
856000,100756.22,2565.6924,10000.0,0.0
856500,100823.195,2529.0413,10000.0,0.0
857000,100890.19,2492.3955,10000.0,0.0
857500,100957.164,2455.7637,10000.0,0.0
858000,101024.15,2419.1006,10000.0,0.0
858500,101091.12,2382.4668,10000.0,0.0
859000,101158.1,2345.835,10000.0,0.0
859500,101225.09,2309.1895,10000.0,0.0
860000,101292.06,2272.5244,10000.0,0.0
860500,101359.05,2235.8926,10000.0,0.0
861000,101426.02,2199.2295,10000.0,0.0
861500,101493.016,2162.5837,10000.0,0.0
862000,101559.99,2125.95,10000.0,0.0
862500,101626.97,2089.32,10000.0,0.0
863000,101693.95,2052.655,10000.0,0.0
863500,101760.92,2016.0212,10000.0,0.0
864000,101827.914,1979.3912,10000.0,0.0
864500,101894.9,1942.7281,10000.0,0.0
865000,101961.875,1906.0806,10000.0,0.0
865500,102028.85,1869.4469,10000.0,0.0
866000,102095.83,1832.7993,10000.0,0.0
866500,102162.82,1796.1538,10000.0,0.0
867000,102229.8,1759.52,10000.0,0.0
867500,102296.77,1722.8569,10000.0,0.0
868000,102363.76,1686.225,10000.0,0.0
868500,102430.74,1649.5793,10000.0,0.0
869000,102497.72,1612.9319,10000.0,0.0
869500,102564.695,1576.2825,10000.0,0.0
870000,102631.68,1539.6506,10000.0,0.0
870500,102698.66,1502.9994,10000.0,0.0
871000,102765.64,1466.34,10000.0,0.0
871500,102832.625,1429.7081,10000.0,0.0
872000,102899.6,1393.0763,10000.0,0.0
872500,102966.58,1356.4113,10000.0,0.0
873000,103033.56,1319.7794,10000.0,0.0
873500,103100.55,1283.1338,10000.0,0.0
874000,103167.52,1246.5,10000.0,0.0
874500,103234.5,1209.8525,10000.0,0.0
875000,103301.484,1173.205,10000.0,0.0
875500,103368.48,1136.575,10000.0,0.0
876000,103435.445,1099.91,10000.0,0.0
876500,103502.43,1063.2625,10000.0,0.0
877000,103569.41,1026.615,10000.0,0.0
877500,103636.38,989.98126,10000.0,0.0
878000,103703.375,953.32,10000.0,0.0
878500,103770.35,916.6725,10000.0,0.0
879000,103837.336,880.025,10000.0,0.0
879500,103904.305,843.39124,10000.0,0.0
880000,103971.29,806.775,10000.0,0.0
880500,104038.28,770.09625,10000.0,0.0
881000,104105.26,733.46625,10000.0,0.0
881500,104172.234,696.8325,10000.0,0.0
882000,104239.21,660.15375,10000.0,0.0
882500,104306.195,623.5375,10000.0,0.0
883000,104373.18,586.89,10000.0,0.0
883500,104440.16,550.2425,10000.0,0.0
884000,104507.14,513.595,10000.0,0.0
884500,104574.11,476.96124,10000.0,0.0
885000,104641.1,440.33124,10000.0,0.0
885500,104708.08,403.6525,10000.0,0.0
886000,104775.06,367.005,10000.0,0.0
886500,104842.04,330.4025,10000.0,0.0
887000,104909.016,293.72375,10000.0,0.0
887500,104976.01,257.09375,10000.0,0.0
888000,105042.984,220.44624,10000.0,0.0
888500,105109.96,183.78125,10000.0,0.0
889000,105176.945,147.165,10000.0,0.0
889500,105243.92,110.5175,10000.0,0.0
890000,105310.91,73.87,10000.0,0.0
890500,105377.88,37.2225,10000.0,0.0
891000,105444.87,0.575,10000.0,0.0
891500,105511.85,0.0,10000.0,0.0
892000,105578.83,0.0,10000.0,0.0
892500,105645.81,0.0,10000.0,0.0
893000,105712.79,0.0,10000.0,0.0
893500,105779.766,0.0,10000.0,0.0
894000,105846.75,0.0,10000.0,0.0
894500,105913.734,0.0,10000.0,0.0
895000,105980.72,0.0,10000.0,0.0
895500,106047.69,0.0,10000.0,0.0
896000,106114.67,0.0,10000.0,0.0
896500,106181.66,0.0,10000.0,0.0
897000,106248.63,0.0,10000.0,0.0
897500,106315.62,0.0,10000.0,0.0
898000,106382.59,0.0,10000.0,0.0
898500,106449.58,0.0,10000.0,0.0
899000,106516.555,0.0,10000.0,0.0
899500,106583.54,0.0,10000.0,0.0
900000,106650.52,0.0,10000.0,0.0
900500,106717.49,0.0,10000.0,0.0
901000,106784.48,0.0,10000.0,0.0
901500,106851.46,0.0,10000.0,0.0
902000,106918.445,0.0,10000.0,0.0
902500,106985.42,0.0,10000.0,0.0
903000,107052.4,0.0,10000.0,0.0
903500,107119.38,0.0,10000.0,0.0
904000,107186.36,0.0,10000.0,0.0
904500,107253.34,0.0,10000.0,0.0
905000,107320.33,0.0,10000.0,0.0
905500,107387.305,0.0,10000.0,0.0
906000,107454.28,0.0,10000.0,0.0
906500,107521.266,0.0,10000.0,0.0
907000,107588.25,0.0,10000.0,0.0
907500,107655.23,0.0,10000.0,0.0
908000,107722.2,0.0,10000.0,0.0
908500,107789.195,0.0,10000.0,0.0
909000,107856.17,0.0,10000.0,0.0
909500,107923.15,0.0,10000.0,0.0
910000,107990.13,0.0,10000.0,0.0
910500,108057.11,0.0,10000.0,0.0
911000,108124.1,0.0,10000.0,0.0
911500,108191.07,0.0,10000.0,0.0
912000,108258.055,0.0,10000.0,0.0
912500,108325.03,0.0,10000.0,0.0
913000,108392.01,0.0,10000.0,0.0
913500,108459.0,0.0,10000.0,0.0
914000,108525.98,0.0,10000.0,0.0
914500,108592.95,0.0,10000.0,0.0
915000,108659.93,0.0,10000.0,0.0
915500,108726.92,0.0,10000.0,0.0
916000,108793.91,0.0,10000.0,0.0
916500,108860.875,0.0,10000.0,0.0
917000,108927.86,0.0,10000.0,0.0
917500,108994.836,0.0,10000.0,0.0
918000,109061.83,0.0,10000.0,0.0
918500,109128.805,0.0,10000.0,0.0
919000,109195.78,0.0,10000.0,0.0
919500,109262.766,0.0,10000.0,0.0
920000,109329.734,0.0,10000.0,0.0
920500,109396.73,0.0,10000.0,0.0
921000,109463.71,0.0,10000.0,0.0
921500,109530.69,0.0,10000.0,0.0
922000,109597.664,0.0,10000.0,0.0
922500,109664.65,0.0,10000.0,0.0
923000,109731.63,0.0,10000.0,0.0
923500,109798.61,0.0,10000.0,0.0
924000,109865.586,0.0,10000.0,0.0
924500,109932.57,0.0,10000.0,0.0
925000,109999.555,0.0,10000.0,0.0
925500,110066.53,0.0,10000.0,0.0
926000,110133.516,0.0,10000.0,0.0
926500,110200.49,0.0,10000.0,0.0
927000,110267.47,0.0,10000.0,0.0
927500,110334.45,0.0,10000.0,0.0
928000,110401.44,0.0,10000.0,0.0
928500,110468.414,0.0,10000.0,0.0
929000,110535.39,0.0,10000.0,0.0
929500,110602.375,0.0,10000.0,0.0
930000,110669.36,0.0,10000.0,0.0
930500,110736.336,0.0,10000.0,0.0
931000,110803.31,0.0,10000.0,0.0
931500,110870.3,0.0,10000.0,0.0
932000,110937.29,0.0,10000.0,0.0
932500,111004.26,0.0,10000.0,0.0
933000,111071.24,0.0,10000.0,0.0
933500,111138.22,0.0,10000.0,0.0
934000,111205.195,0.0,10000.0,0.0
934500,111272.19,0.0,10000.0,0.0
935000,111339.164,0.0,10000.0,0.0
935500,111406.15,0.0,10000.0,0.0
936000,111473.12,0.0,10000.0,0.0
936500,111540.1,0.0,10000.0,0.0
937000,111607.09,0.0,10000.0,0.0
937500,111674.06,0.0,10000.0,0.0
938000,111741.05,0.0,10000.0,0.0
938500,111808.02,0.0,10000.0,0.0
939000,111875.016,0.0,10000.0,0.0
939500,111941.99,0.0,10000.0,0.0
940000,112008.97,0.0,10000.0,0.0
940500,112075.95,0.0,10000.0,0.0
941000,112142.92,0.0,10000.0,0.0
941500,112209.914,0.0,10000.0,0.0
942000,112276.89,0.0,10000.0,0.0
942500,112343.875,0.0,10000.0,0.0
943000,112410.85,0.0,10000.0,0.0
943500,112477.83,0.0,10000.0,0.0
944000,112544.82,0.0,10000.0,0.0
944500,112611.8,0.0,10000.0,0.0
945000,112678.77,0.0,10000.0,0.0
945500,112745.76,0.0,10000.0,0.0
946000,112812.74,0.0,10000.0,0.0
946500,112879.72,0.0,10000.0,0.0
947000,112946.695,0.0,10000.0,0.0
947500,113013.68,0.0,10000.0,0.0
948000,113080.66,0.0,10000.0,0.0
948500,113147.64,0.0,10000.0,0.0
949000,113214.625,0.0,10000.0,0.0
949500,113281.6,0.0,10000.0,0.0
